,text,label
0,Why Is The Pope Upset?  via @user #UnzippedTruth #PopeFrancis #SemST,0
1,We support Australia's Climate Roundtable which is providing a framework for sensible debate ahead of Paris @user #SemST,2
2,It's nights like this when I'm not so fond of my long hair. I just wanna chop it all off! #heatwave #pnwgirl #SemST,0
3,#Republican party will go down in history books as party that stood in the way of #gayrights and initiative to reverse #SemST,0
4,"RT @user @user We need degrowth - stop destroying our planet, BP. #SemST",2
5,"@user - #Wrong #century re the #IPCCreport & the involved #methodology I do have to say, ""regards Dion #peace #ideology #SemST",0
6,Thanks #MarcLevine & #Ilike_Mike for supporting legislation on #SemST,0
7,That awkward moment when a pro-coal PR campaign has over 100K more followers than you do: @user #greenwashing #SemST,2
8,"Attenborough: 'The real problem is global' i.e. not just me, or you, but us #SemST",2
9,#Technology is a sign of how far we have come! The #ideology of #capitalism is a sign of how far we have to go! #Methodology #SemST,0
10,@user I'm just happy he's telling the @user to wise up RE: #SemST,0
11,"Isn't CO2 impact on warming logarithmic, and at current levels, 390 ppm, incremental impact negligible? #NDP #SemST",2
12,@user Those items need to come back.  #SemST,0
13,Try to create the world you want to live in. @user #WithCompassion #SemST,0
14,@user wow that is certainly an extreme prognostication! #gop #libertarian #SemST,0
15,RT @user 700 people dead in Pakistan due to heatwave. #SemST,2
16,"Audio world, look out! There's a new sheriff in town   #audio #music #world #entrepreneur #love #life #SemST",0
17,@user @user i always said that Democrats would tax the weather if they could #SemST,0
18,#vatican will be destroyed the most vile creatures ever the creators of #islam #sodomising #children  #fakestine and #SemST,0
19,At the UN with crew now :) @user #SemST,0
20,@user @user @user @user @user I think we found something more dangerous to America than #SemST,0
21,@user @user @user @user Further proof of #SemST,0
22,And Onan cast his CO2 into the atmosphere and committed the sin of emission #bible #SemST,2
23,@user it's crazy. Oklahoma is bracing for more flooding rains (4th cycle this year) & Canada is burning. #SemST,2
24,Negative times a negative equals a positive...wonder if that applies to emotions too??? #manthoughts #sustainablehumans #SemST,0
25,Disappointed that we are basing decisions about our very real planet on a man made currency system. #SCOTUS #EPA #SemST,2
26,Rent a theatre and show the movie #ChasingIce to my friends and family to spread the message of global warming. #My1500 #SemST,2
27,#MainauDeclaration2015 60 years later..#LiNo15 Laureates and young scientists say it is time to act #SemST,2
28,RT @user @user Looks like a great event. Green is the way forward! #SemST,2
29,5-6 inches of rain in a day & from next day there is no rain at all. Temperature reaches 39 C in #Ahmedabad.  #environment #SemST,2
30,".@TonyAbbottMHR still boasting on international stage of removing Price on Carbon, which he refers to as ""toxic tax"" #auspol #SemST",0
31,@user @user Great news to arrest a regulatory agency's flagrant over reach. Pathetic how little #EPA knows of #SemST,2
32,Dear #seattleweather please stay exactly how you are right now. #thismorning #okaythanksbye #SemST,0
33,srsly weirds me out i have to wear #sunscreen for the morning #dogwalk getting a #tan at 9am? #wtf #SemST,2
34,It's hot af in #seattle. This is not normal! #hotAF #SemST,2
35,#PathtoPositive #LA region's green leaders United to find local solutions to #LACityHall #SemST,2
36,"Obamacare ""Doctors Should Warn Global Warmin cud Make Patients' Health Worse"" #Obama #PresidentObama #WhiteHouse #SemST",2
37,Tornado warnings for the UK this weekend.  And the government still chooses to ignore global warming #ukweather #SemST,2
38,#Tolerance... I wonder how much more #Mother #Earth has at #methodology levels re our #capitalistic #ideologies? #SemST,2
39,SA has played an instrumental role in rallying other BASIC countries to strengthen South-South cooperation on matters around #SemST,0
40,#KCA #VoteJKT48ID ENGIEgroup: #ENGIE 9 new #COP21 solutions and more here >  #SemST,0
41,".@msimire says children, women, elderly people especially at risk to health impacts of #ClimateReporting2015 #SemST",2
42,"@user #GOPClownCar a shame #gop considers ""HRC emails"" more disconcerting than #jobs #infrastructure #education #SemST",0
43,Anyone else agree we should switch to concrete? + Them new snazzy self-lit roads in Netherlands! #ElectricitySaving #Autobahn #SemST,2
44,@user @user You're proud of that? #ShoalLake #boilwater #FortChip #cancer #Vanuatu #BalaFalls #landscapingissues #SemST,0
45,"I love this Pope. I don't care what religion you are, this guy is awesome. #SemST",0
46,"If you have any remaining doubts about climate change, go watch @user on Netflix and proceed to shitting your pants. #SemST",2
47,"Being an engaged mom, means voting 4 the climate 2. Supporting only candidates who have a plan 2  act on #playin4climate #SemST",2
48,WHEN THE WELL IS DRY WE KNOW THE VALUE OF #WATER: Ben Franklin #ActOnClimate #EPA #SemST,2
49,"these days this I #know! I #implemented it years ago & simply walked away but I know, regards Dion #peace #Democracy! #Goal?? #SemST",0
50,Amazing interview with @user and David Attenborough #SemST,0
51,@user @user Some people r so guilt free #SemST,0
52,Tonight - Academy of Science talk Tech solutions for climate change with Prof. Barry Brook #cantorandballtowers #Canberra #SemST,2
53,"Road to #Paris2015 ""#ADP2015 co-chairs' new tool will be presented on July 24th"" @user at @user event on #SemST",0
54,So #Christian s...  Without beaches what is your God going to make sand people out of?  #RisingSeaLevel #SemST,2
55,"National announces plan to put out fire in pantry. Rest of the house can burn baby, burn. #sameoldshit #SemST",0
56,Drought effects spreading in western NorAm and BC Gov't will destroy prime farmland to enable more #LNG #SiteC #bcpoli #SemST,2
57,loud ass thunder and three seconds of rain here #thanksobama #SemST,2
58,"Oh: Watching the #news re #Greece currently, it's ([all]) #relative re #why I'm here! Re's D #peace #GMS #Democracy #Goal??? #SemST",0
59,Today the kingdom of Bahrain participates in the High-level Event on Climate Change at the @user #UN70 #SemST,2
60,the #KarachiHeatWave death toll climbs to 1210 deaths in 5 days #carbonemissions #SemST,2
61,@user Weather patterns evolving very differently over the last few years..  #SemST,2
62,Brilliant talk from @user #Dali Lama @user #divestment is the key action for all on #Glasto2015 #SemST,0
63,Thank you @user for getting out there yesterday and highlighting  one of the most important issues we are facing. #SemST,2
64,RT @user @user @user What a wonderful exchange between two of the world's greatest men! Really touching. # #SemST,0
65,@user @user @user @user Unless it's #SemST,0
66,Bought media = advertising. Earned media = #socialmedia. Real causes do not have #botfollowers #environment #CrueltyFree #SemST,2
67,#Mission:#Climate on the road > Give your car a break (by @user #Tip #SemST,2
68,I'm in hell. I feel the fiery tips of insidious flames swiftly sauntering into my room. Or maybe I don't have AC #SemST,0
69,I'm gonna side with the really smart and well educated folks on this one guys. #SemST,0
70,"#TakeDownTheFlag & #LoveWins represent tectonic cultural shifts, thanks in no small part 2 Twitter & Facebook. Imagine same 4 #SemST",0
71,What can young people do about climate change? @user @user @user @user  #youth #SemST,2
72,@user I think the 5k has got them gripping Romey #SmackOff #valkilmer #seeingwonder #SemST,0
73,A lot of damage is being done every day. But we are going to win this. #yrcannes #CannesLions #SemST,2
74,Observations on the atmosphere and oceans reflect the human influence in climate change via Dr. Dimitra Founda #rengreece #SemST,2
75,"I really can't stand the Catholic church but I think I have a crush on #PopeFrancis ! Shhhh, don't tell!  #AnimalRights #SemST",0
76,what is at stake is the survival of our and next generation - Indigenous People Youth #UNGA #Action2015 #COP21 #SemST,2
77,#Mission:#Climate @ home > Purchase green power (if available) (by @user #Tip #SemST,2
78,@user suggests we should have schools for politicians to educate them on critical issues #WithCompassion #HHDL80 #SemST,0
79,Good luck @user for #Flight8. You will do it @user ! #solar #solarimpulse #ActOnClimate #SemST,2
80,tsgtalexander: GlblWarmingNews And the tooth fairy might be causing kids to lose teeth! #carbontaxscam #Chemtrails #SemST,1
81,"@user "" Dr. David Legates of the University of Delaware explain....higher temperatures lead to higher levels of CO2 #SemST",2
82,Rosalind Peterson addressing UN on how aerosol spraying (Chemtrails) is affecting agriculture. #NotADebate #Geoengineering #SemST,2
83,"That #Putin chap must be extremely #confused, it stuck between 2 old now #ideologies just between you & me! ""Regards D #peace #SemST",0
84,"@user @user Canada alone needs 2 invest $60 billion a year, paid for by efficiency #cdnpoli #environment #SemST",2
85,The default scientific position is skepticism. #tcot #SemST,0
86,"Hmmm, what's next re my #bucketlist I wonder in #peace in a #democratic manner re #why I'm here? #Peace #Democracy #Goal? #SemST",0
87,"Reading: ""The Whale and the Supercomputer. On the Northern Front of Climate Change"" by Charles Wohlforth #arctic #SemST",2
88,#Equity #financial #solidarity and #transparency is what #2015text needs says #Fabius at #UN #GA #SemST,0
89,#COP21 can succeed or fail. If humankind wants to survive something must be done not for nature but for humans. Simple. #SemST,2
90,".@solarimpulse I see this pick up on the rwy with the ""Follow me Andr"" sign... It should be the other way round ! #SemST",0
91,#MainauDeclaration2015.....lets push the Agenga worldwide without any fear #climatejustice2015 #SemST,2
92,Regards Dion #peace to you & all #including into the #future on a clearly #known to be #finiteinnatureplanet outta here gone #SemST,2
93,"If we do not act, we will be the generation who knew, but did not move. - @user #CFCC15 #SemST",2
94,@user @user @user unfortunate how USA refuses to take seriously damage we're responsible for #SaveTheEarth  #SemST,2
95,#FF @user @user @user @user & @user Work for a #green energy future. #SemST,2
96,If we don't do anything we will be the sad generation that had the opportunity to act and didn't #CFCC15 #Journey2015 #SemST,2
97,In the U.S. coal is dead Al Gore @user #CannesLions #SemST,0
98,"Let's all stop saying people don't ""believe"" in Climate Change. It's not a matter of faith. They don't UNDERSTAND #SemST",2
99,If like me you felt voiceless then listen to @user #libdemfightback fighting for the #HumanRightsAct #AffordableHousing #SemST,0
100,Coldest and wettest summer in memory. #mosquitoes #mowtwiceaweek #brrrr #SemST,2
101,My dogs are #panting to the beat of my music! #SemST,0
102,"@user @user Let me guess. You're a LYING, RABID LEFTIST/WARMIST USED TO TWISTING FACTS TO FURTHER YOUR AGENDA #SemST",0
103,.@CreeClayton wonderful to find you on twitter. Meet @user a Canadian working in #SemST,0
104,Ballot paper posted @user has my vote for leader. Our Liberal voice will be heard #HumanRightsAct #AffordableHousing #SemST,0
105,@user And yet James Inhofe tells us that global warming isn't real. #SemST,2
106,"as they say touch-wood say tomorrow then I will #democratically be back this way!?!! Re's D #peace ""really"" gone #Democracy #SemST",0
107,"With no rain in the next 5 days, it would have been the driest June in #Santiago de #Chile in morden history. #SemST",2
108,Is there a breeze i can catch Lakefront or will I die of a heat stroke there as well? #heatstroke #SemST,2
109,".@RobSilver What are the chances, @user #Kyoto #CPC? #cdnpoli #SemST",0
110,"This Pope. I swear, he is about to tempt my wayward ass back to the church. #love #justice #SemST",0
111,@user @user It's sad to be the last generation that could change but does nothing. #Auspol #SemST,2
112,[Man] cannot change the climate of any country; he adds no new element to the soil ~ Charles Darwin #anthropocene #SemST,1
113,"All eyes on China, reports @user -  plan building on agreement with US re: #emissions expected soon #cop21 #ghg #SemST",2
114,"Thank you to all our 300 followers, helping us to raise awareness of #HumanRights #SOSEurope #prisonersofconscience #torture #SemST",0
115,SO EXCITING! Meaningful climate change action is on the way! #abpoli #GHG #SemST,2
116,@user @user pfft...we're getting that next week #standard #SemST,0
117,"Not to worry, sediment cores prove shellfish & coral will recover in just 160,000 years. #oilandgas #rbe #tvp #SemST",2
118,Climate change?! Explain the definition of climate change.. #fraud #CCOT #liberty #CruzCrew #SemST,1
119,#Northwest #HeatWave continues. First time. Ever. My tomato plants have fruit. In JUNE! #Oregon #Organic #SemST,2
120,"Noted climatologist, marine biologist,& oceanographer Ted Danson told us 27 yrs ago that the oceans would be dead in 10 yrs. #SemST",1
121,It's so unfortunate that the systematic destruction of our planet is merely seen to some as a political issue. #SemST,2
122,@user @user @user time will prove who's right. #disease #drought #obesity #SemST,2
123,"Btw, @user -@potus , seem as though you^ve been LOSING in the fight AGAINST . #SemST",0
124,BC continues to burn. If this ain't a wake up call to everyone then nothing will be #Vancouver #bcwildfires #SemST,2
125,".@ClimatParis2015, the climate science forum begins today. Follow its progress on #CFCC15 #SustainableDevelopment #SemST",2
126,"I don't want to be ""that guy"" but can we now make ""climate change denier marriage"" illegal? #MarriageEquaility #Idea #SemST",2
127,At 2C increase we're expecting 20-30% species at risk of #extinction Rosina Bierbaum #CambioClimtico #SemST,2
128,Questions about the @user report?  #asklancet tweet chat happening now! #actonclimate #ClimateHealth #SemST,2
129,"What a great week for social issues #SCOTUS Now, let's get to work on #environment and #SemST",2
130,.@quinn43 Thanks for the follow. Check out CCL for solutions. #solutions #citizensclimatelobby2015 #SemST,2
131,"Today is June 27th and it's 66 degrees out, wtf. #takeme2thecarribean #anywhereneartheequator #SemST",2
132,Rt easyprintitja: Rt FirstKingTre: Freak #rain in Kingston #Jamaica.. sudden #skuii876 #SemST,0
133,@user He hit the nail on the head. We're (hopefully) on the edge of a paradigm shift on #SemST,0
134,The facts are in. It is clear as our numbered days. Climate change is humanity's fault. And we are facing extinction. #SemST,2
135,"If you say climate change is a myth, you may want to become a fantasy author since you already live in an alternate reality. #SemST",2
136,RT @user RT @user #ClimateFact India may stand to lose 1.8% of its annual GDP by 2050 due to #SemST,2
137,The Climate Change people are disgusting assholes. Money transfer scheme for elite. May you rot.   #SemST,1
138,We are working to elect climate-friendly governments across North America #FeelTheBern #NDP #LPC #GPC #BQ #HARPERPAC.CA #SemST,2
139,Look out for the hashtag #UKClimate2015 for news today on how the UK is doing in both reducing emissions and adapting to #SemST,2
140,@user I'm guessing there was a lot less humidity back in the time of Moses. #SemST,2
141,#Mission:#Climate on the road > Drive less (by @user #Tip #ImpactIsReal #SemST,2
142,. @user EU is spending the 300 billion collected through environmental tax on fossil fuel subsidies #Almedalen #SemST,2
143,Sunny  Rainy bipolar weather. Wow real quick ma nigga #SemST,0
144,Can we build #thorium #LFTR now. Before its 200 degrees during summer. #MyACSucks #SemST,2
145,"Barack Obama meets David Attenborough, I'm so ready for this and I cannot wait! 89 year's old and always on form #legend #SemST",0
146,"This just in: Republican Primary Debates are down to topic of ""Who Wore It Better?"" #LoveWins #MarriageEquaility #Obamacare #SemST",0
147,Everyone is busy building their bank accounts but one day that paper won't help you during massive natural calamities. #SemST,2
148,Great meeting @user and @user today to discuss Future Cities and how UK expertise can be shared & applied in #China #SemST,0
149,Vallaud-Belkacem: Are we the generation who knew what would happen but who did nothing? Say no! #wakeup #CFCC15 #SemST,2
150,"Everywhere we look, moderate weather seems to be going extinct. #robertredford #UN #SemST",2
151,There has never been a better time to get the heck out of California. #vaccines #science #gmo #bees #autism #gmo #sb277 #SemST,0
152,.@MexONU : #GreenClimateFund projects must be long-lasting & lay the groundwork for low-carbon development economic models #SemST,2
153,#Mission:#Climate @ home > Reduce . Reuse . Recycle . Replenish . Restore  (by @user #Tip #EarthRightNow #SemST,2
154,The carbon clock is ticking @user #SurplusGas #carbon #gas #SemST,2
155,#MainauDeclaration2015 watch out guys.. This is HUGE!! #LindauNobel #SemST,0
156,#TonyAbbott hope you're watching President Obama talking about #SemST,0
157,RT varunkr842: #Please_Save_Trees for our own #Survival to fight #Saveourplanet #SemST,2
158,Wearing a sweater at the end of June! #itfeelslikespring #SemST,2
159,Confession: the state of the world has been getting me down lately.  #deathsincustody #everydayracism #SemST,0
160,Last Thursday Lake Mead (the largest U.S. reservoir) had the lowest water level reported since 1937 #HistoryInTheMaking  #SemST,2
161,@user Please don't let him win this. Your loyal readers support you. #SemST,0
162,Stormiest 2014-2014 in Ireland and UK in 143 years. That saying something @user @user   #SemST,2
163,#Transpregnancy #transgender is a major reason why scientists can't find a cure to #cancer #aids #SemST,0
164,John Watterson is attending IPPC meeting to help shape the future of international greenhouse gas emission estimation methods #SemST,2
165,Artic Ice highest in 10 years for the month of June..yet no headlines.. #scam #SemST,1
166,World Futures Council man at #fsds15 points out absurdity of cost benefit analysis discounting future lives #sustainability #SemST,2
167,@user Shit. Who set the Supreme Court to Evil again?  #SemST,0
168,RT @user Timelines are short. Strategy must be in place by climate change conference in Paris by December. #ableg #SemST,2
169,Stress on #water resources threatens lives and livelihoods #anthropoceneage #sustainability #SemST,2
170,RT @user One of the most brilliant BS stories created by man to subjugate others:  #LeftistLiesIsBS #SemST,0
171,@user images like this make me fearful that the next epidemic must be coming soon. #overpopulation #SemST,0
172,Oh my lord! So hot and humid for few days now. Can u stop cutting trees and cut down ur emissions World??? #SavetheWorld #SemST,2
173,"We Aren't The Dinosaurs, We're The Asteroid. #earth #extinction #SemST",2
174,A changing planet: 4 places where climate change is taking its toll #SemST,2
175,America is changing faster like speed of the light #ConfederateTakeDown  #LoveWins #SemST,0
176,News flash for all the haters!! THE EARTH IS ROUND! #LoveWins #SCOTUS #SemST,0
177,"It doesn't simply rain in Houston anymore, it storms.  #SemST",2
178,RT @user When the rate of #Utilisation exceeds the rate of #Regeneration then it calls for #DEGRADATION. #michachallen... #SemST,0
179,Australia is leading the way. Backwards. #MarriageEquaility #auspol #SemST,0
180,11% reduction is this a joke? Our govt seems to be more concerned about flag change than #SemST,0
181,@user  yes but silica dust emissions are up and little is done about it at the state level and it effects #SemST,2
182,"Seriously, how many times can #Republicans be wrong? #ACA #LGBTRights #GovernmentShutdown #AutoBailout #StimulusSpending #SemST",0
183,"Evening @user any #democratic thoughts as yet? I get #bored easy re the #politics of it all hop hop, regards D #peace #GMS #SemST",0
184,"Thx @user @user had fun in my home county, will be back later this summer with @user up 4 #SemST",0
185,If you do not repent your emission of CO2 you will end up in hell #bible #SemST,2
186,I am thinking of turning the central heating off. :) #SemST,0
187,Scary stat of the day: 7% of the area of urban greenspace in England has been lost since 2001 @user #SemST,2
188,Don't act as if we have another planet to live in #COP21 #SemST,2
189,"COPS, UN conferences, board room meetings till when shall this continue when innocent lives and livelihoods are lost.  #SemST",0
190,until newyork london frankfurt knee deep in sea #water NOTHING will happen @user #cop21 #co95=FREE parties @user #SemST,2
191,I can literally sense the global warming NOW.  #SemST,2
192,#seattle 72 degrees. Trying to sleep with industrial fan--sounds like choppers are circling the house. #HeatWave #SemST,2
193,#Mission:#Climate @ home > Buy drinking water & soda in big bottles... #Tip #SemST,2
194,BIG #DecaYeah and Happy #Smackoff / #EichelDay to @user & @user #ValKilmer #Bust #SemST,0
195,@user congress. @user :Dutch way in reducing greenhouse gasses agriculture is excellent example combat #SemST,2
196,@user @user gutted I've missed this would have loved to hear this talk. Africa represented #SemST,0
197,The amount of hot takes coming from #LoveWins is the single most significant cause of . #ThanksObama #SemST,0
198,.@BlissTabitha I'm sure this Eco-Friendly Pope will remember to Turn-Off-the-Lights on his way out #LastPope  #PopeForPlanet  #SemST,2
199,When U think about #GOP positions on #MarriageEquality #EqualPay #Guns & #Marijuana its no surprise they don't believe in #SemST,0
200,Every human commits original sin with it's first outbreath of CO2. Mankind is fallen. #bible #SemST,2
201,"When debunking climate myths: fight sticky myths with stickier facts, mention the myth and explain the fallacy!  #SemST",2
202,@user @user @user USA is behind....due to IDIOCY #SemST,0
203,@user religion / race have already been disproven by reason and science. I wonder what we can do about politics #drought #SemST,0
204,@user meets @user on #TVNZOne interview on his life and the effects of #SemST,0
205,"It's ""mindblowing"" to me to watch this, #SirDavidAttenborough. #SemST",0
206,Pittsburgh had a Regatta without boats. River full of debris and swift currents. Too dangerous #SemST,0
207,@user :  change from #drivable to #walkable = #1 benefit 4 #APANE2015 #SemST,2
208,@user there has been a ton of lightning up there every other day for the past week! #lolz #SemST,0
209,There is need for world economic powers to be true about climate change funding. The world needs action not empty rhetorics #SemST,2
210,"''this is the planet on which we live, it's the only one we've got and we've got to protect it.'' #Obama #Attenborough #SemST",2
211,Working with artists & culture is key to weave through the efforts we're doing #grassroots #SemST,0
212,"@user - Yet another I #pray in my ""own"" way day re #why I'm online, that #important this I know! ""Regards"" Dion #peace #Future #SemST",0
213,We could do something...the question is will we says @user #sustainability #SemST,2
214,"Without a place for feeding, mating and giving birth, there is no future for polar bears :( #SemST",2
215,Climate change is a solvable problem but we need to start today. #HHDL80 #SemST,2
216,Considering moving yo Antarctica as thats the only way I could possibly become more #chill #SemST,0
217,. @user Well-designed tax policies can help fix a number of environmental issues #ITDconf #COP21 #SemST,2
218,Scorching summers for UK by end of the century! Thank Rocks I won't be here to suffer them! :-)  #SemST,2
219,@user - You are not very smart Donald #SemST,0
220,@user He's not perfect. Who among us is?  ;-)  #encyclical #SemST,0
221,"As a general rule, mandatory things of all kinds should be refused. #vaccines #gmo #science #bees #fitness #sb277 #nutrition #SemST",0
222,V @user V @user The Biggest Story In World Podcast @user @user @user of @user STUPIDITY And IGNORANCE! #SemST,0
223,GlblWarmingNews And the tooth fairy might be causing kids to lose teeth! #carbontaxscam #Chemtrails #SemST,1
224,"@user - feel! I'll bin this one & upload a newer mix in a few days see which version you like better, re's D #peace #SemST",0
225,@user #innovation of super converter on fishing boat w/ no more use of fossil fuel is looking for funding scheme in #SemST,2
226,Fossil fuel divestment won't necessarily stop climate change but it is a step in the right direction. #keepitintheground #SemST,2
227,@user @user Funny how you all of a sudden refer to him as a weatherman now  #climatechange...weather. #SemST,2
228,"Second heatwave hits NA NW popping up everywhere, and floods too, record wildfires in canada, what a mess,  time up! #SemST",2
229,@user CONGRATULATIONS to the DUTCH!!!!!!! GOOD WORK!!!!!! #Change #SemST,0
230,"The #greatman @user met #greatman David Attenborough & change seems possible, attainable. Listen up! #Attenborobama #SemST",2
231,"Yo if you live in the United States right now, and do not believe in Global Climate Change, you're a fucking idiot. #fact #SemST",2
232,#FF @user @user @user @user & @user Work for a #green energy future. #SemST,2
233,@user @user Installing new #ForestFire navigation systems? #NoKinderMorgan #NoTarSands #cdnpoli #SemST,0
234,Wish everyone wasn't so pale this season #suntan #babyoil #TheBachelorette #SemST,0
235,"Feeling like #SCOTUS got it right, right, right ... then very wrong. Sigh. #Climatedenial #SemST",2
236,Did u know th #SCOTUS is 2 Decide If #Coal Plants Can Keep #Emitting Unlimited #Mercury 2 r atmosphere? #POTUS #Gop #Justices #SemST,2
237,Why is nothing being done about  #SemST,0
238,"Delivering good jobs for Albertans, maintaining a stable economy & meeting climate change strategy. Good goals. #abpoli #GHG #SemST",2
239,"I bet as a species, Man farts more today due to: Soda, Carbonated Beverages & Fast Food than any other recorded era before. #SemST",0
240,"Islamists kill in France, Tunisia and Syria. But let's remember that our greatest threat is from the #hoax formerly known as #SemST",0
241,"Went for a run, now I can't feel my legs and my brain feels like it's boiling. #SemST",0
242,@user He Is psychic 2  Huh #SemST,0
243,"@user no surprise with this, @user has some ideas on how to take a holistic approach #circulareconomy #SemST",0
244,"@user @user excellent speech! Well done. showed ur video to Birdie,she is ready to be part of the change. #rise #SemST",0
245,@user @user we're way behind everybody on just about everything  #gaymarriage #asylumseekers #SemST,0
246,@user my lawn is burnt two days after rain #yeg #SemST,0
247,The best call still and will always be Matt in Cleveland. #KirstieAllie #ValKilmer #SemST,0
248,"@user , before we can defeat ISIS we first must defeat #SemST",0
249,@user the real question is do you feel safe driving a Prius through Harrison?  #SemST,0
250,Why all talks #Rainforests? 1/6 of the World Russia is not less important ! #DoctorCarbon Advocate #sustainability !   #SemST,2
251,"Obama & Attenborough brilliant, heart felt & honest  Why can't we have such a discussion here in Oz  #renewables #abc #auspol #SemST",2
252,"China, I had plans to work on other things today. Rude. #EUChina #SemST",0
253,If ther clmate change alarmists come out in sept this year and tell me this was the hottest winter on record ill go postal #SemST,1
254,"@user I'm with you there, plenty of followers on that do to #environment #greenvegans #plugging #SemST",2
255,Why is there no #CaptainPlanet movie??? Rt if u want one. #environment #planet #earth #SemST,0
256,@user @user Yea Yea Yea Yea #Smackoff #ValKilmer #SeeingWonder #BumSmack #SemST,0
257,Pope Francis really makin the rounds  #PopeFrancis #SemST,0
258,U.S. Should hold referendum prior to Paris talks to gauge American support for dealing (hopefully leading) on #SemST,0
259,RedScareBot: Simple Malarkey RT gingerdr Global Warming/Climate Change all a HOAX. Communist agenda for control #sustainabil... #SemST,1
260,#heatstroke in Sind & Rajasthan temperature Incresng in frozen areas #earthquake rain shower reduced A massive climate change #SemST,2
261,(1/2) Poisoning of the #Biosphere cannot be dealt with by free market economics;  #TaxWallStreet #Environment #GMO #SemST,2
262,As the world emitted CO2 water vapour built up in the atmosphere and caused the Lord to send the flood in retribution #bible #SemST,2
263,"Top-down approach is not only the solution , global governments must act together with global community against #SemST",2
264,"President Tong tells story of vulnerability & resilience of #Kiribati, #Maldives & other low-lying states & SIDS #Action2015 #SemST",0
265,' taking a stand to preserve traditional sea levels' #SemST,2
266,There use to be a glacier on the equator. #SemST,2
267,"Need to separate natural disasters from man made disasters, emphasise polluter pays,and need for loss and damage. #TuvaluPM  #SemST",2
268,Australia...your turn to watch Obama & Attenborough @user #SemST,0
269,"Monsignor Sanchez Sorondo: ""Earth is sick. We need to heal it. #SemST",2
270,Sea level rise by the end of the century (1-2 meters) will drown SF airport and LA port. @user #WithCompassion #SemST,2
271,"Raining again then Im sure, it wi suddenly get warm again right after. #SemST",2
272,We're growing vegetables at home. Tell your friends and followers what you're doing for climate! #myChangeForClimate #SemST,2
273,#Mission:#Climate @ home > Defrost old fridges and freezers regularly #Tip #LoveOurPlanet #SemST,2
274,"LED lights, water saving toilets, showerheads, appliances etc. when we renovate, we choose efficient.   #myChangeForClimate #SemST",2
275,"Last time I checked, Al Gore is a politician, not a scientist.. #WCS15 #SemST",1
276,Government trusts you to listen to the narrative but never enough to let you see the proof... #SemST,0
277,@user Kudos to these young people! Next generation of activists! #OnlyOneEarth #SemST,2
278,"I'm blowing AC with the top off, in the middle of the night, in Oregon.. #SemST",2
279,We need integrated #science with #indigenous knowledge to understand & adapt to  #CFCC15 #SemST,2
280,Water temperature off the Atlantic  coast is in the 80s in June. We are like proverbial frogs in boiling water #climate #SemST,2
281,BrettGarrot: BrettGarrot: GlblWarmingNews And the tooth fairy might be causing kids to lose teeth! #carbontaxscam #Chemtrails #SemST,1
282,"The + 1 is a #democratic dip in ""deeper waters"" & no more re #why I'm here, regards Dion #peace #Democracy! #Goal? #Future??? #SemST",0
283,When your wearing sweaters in the summer #SemST,2
284,@user @user  The Snow is melting? #TCOT #SemST,0
285,"A high emissions scenario would be a disaster for marine life, as well as for ourselves - Dr Williamson #SemST",2
286,@user afterwards can they call @user and advise him he needs to act on #auspol #SemST,0
287,Just read Scalia's idiotic opinion overturning the EPA's carbon emissions limits. Planning to spend day in a seething rage. #SemST,2
288,"Cause and Effect - Dry conditions, wildfires.  #Preventable #HumanCaused #SemST",2
289,Most people say that it is the intellect which makes a great scientist. They are wrong: it is character. ~ Albert Einstein  #SemST,0
290,"Appropriate that I'd watch the Futurama episode ""Crimes of the Hot"" before the hottest weekend so far this summer. #futurama #SemST",0
291,"#Mission:#Climate @ home > Pass your magazines on to a friend, hospital, library, or nursing home. (by @user #Tip #SemST",2
292,People at the bar bitching about the heat and drought. No one utters the words #fossilfuel caused #elephantintheroom #denial #SemST,2
293,"At what point do we rename summer ""The Rainy Season""? #Cdnpoli #SemST",2
294,"So, its 20 degrees celcius in mendoza argentina beginning of winter  #mendoza #SemST",2
295,"Around 1500 new homes being built every year in England in areas at high risk of #floods, adding to risk from #UKClimate2015 #SemST",2
296,"BREAKING: This just in, an ocean wave just broke an inch further on the beach than normal! #SemST",1
297,#Netherlands just taught the rest of the world a very important lesson.  #SemST,0
298,@user The French? you mean the nation that builds tanks with a rear view mirror and six gears in reverse. #SemST,0
299,#AnnapurnaVancheswaran says it took 2 years to cut through the #bureaucracy & speak to Indian #government about #pivotal15 #SemST,0
300,Great to hear @user @user remind us #diversity needed for best #innovation #ESS15 #americaknowshow #SemST,0
301,"#AskRobertRedford Beyond the national level, what can be done on the individual level to mitigate the effects of #SemST",2
302,Eating a cow is 9x worse than eating a chicken in terms of CO2 emissions. #SemST,2
303,@user OK yeah that's bad... but Vancouver literally never used to get this hot #laudatosi' #SemST,2
304,A Dutch court has ruled that the gov must cut emissions under human rights law! Interesting. #climatejustice2015 #SemST,2
305,Just got canvassed! Hope you'll join me in supporting @user this summer! #solar #peoplepower #SemST,2
306,Go Dutch New meaning: citizens take their governments to court to make them act on climate promises #Hague #Hope #COP21 #SemST,2
307,It's hotter in Oregon then it is in California right now. #SemST,2
308,"Clean technology, this is your moment #innovation #technology #davidattenboroughismyhero #SemST",2
309,@user @user Maybe they just misused their resources and their societies collapsed #deforestation #SemST,2
310,I Like learning in depth about nutrition/health @user @user #Disease #westerndiet  #Health   #agriculture  #SemST,0
311,"Global Warming! Global Warming! Global Warming!  Oh wait, it's summer.  #SemST",1
312,"@user Higher sea levels & temperature, glacial retreat, warmer oceans, extreme weather events. Plenty of evidence. #SemST",2
313,@user my priority is to address #SemST,0
314,#Mission:#Climate @ home > Opt for reusable bags instead of plastic bags (by @user #Tip #ActOnClimate #SemST,2
315,Pupils in P5-7 from Lincluden Primary are participating in Carbon Busters Project 2015-2016! #LearningForSustainability #SemST,2
316,There are a lot of things that need to be done. But first should be changing our mindset.  #WaterManagement #SemST,2
317,@user That is one of the most INSANE and DELUSIONAL quotes I've ever seen.  #tcot #tlot #SemST,0
318,I don't  care why the globe is warming. I just want to stop it before there is irreparable harm #fuckpolitics #sciencerules #SemST,2
319,@user  #climatehealth report says we need ambitious programme like Marshall plan or Apollo mission to tackle climate change #SemST,2
320,"The natural world is part of our inheritance, we have to protect it  @user with @user on #BBC #Earth #SemST",2
321,#SEBAMM #SEB2015: Prtner explains the work of the #IPCC #SemST,0
322,"QT @user ""I don't have much patience for anyone who denies that this challenge is real."" 1/2 #SemST",0
323,@user well they should! Why do you think people in Karachi r dying? because we don't care about our environment! #SemST,2
324,Have never been so outrageously grateful for a slight cool breeze drifting over my body. Is this the future? #nakedtimes #SemST,2
325,If sea levels get any higher flooding in lowlands could become dire. #SemST,2
326,"First listen, then conviction, next action - Dali Lama on #Glasto2015 #SemST",0
327,"The same ppl who think Paul spoke ""for God"" when denouncing gays also think the current Pope does not speak for God. #SemST",0
328,@user @user @user We should worry about the state he's going to leave #Australia in. #NBN Fraudband #refugees #SemST,0
329,Inland so cal has been hot and humid all day. This seems to be our summers - muggy. So strange. #SemST,2
330,"After the Millennials come the Apocalypticals. Thanks, breeders. #overpopulation #SemST",0
331,Greenland's ice is melting faster this summer under a dome of high pressure #SemST,2
332,"We need to work with confidence, transparence and guided by consensus @user at @user event on #action2015 #SemST",0
333,Population growth is only a problem because humans treat the earth like shit.  #govegan #environment #SemST,2
334,Do #Catholics follow #God's word or this #Pope's ramblings?  #SemST,0
335,The ruling by @user is a major setback for @user & the environment.  #dirtycoal #SemST,2
336,The last thing #Australia or the world needs are 2 more vast earth destroying #coal mines! Let's get real and fight  #auspol #SemST,2
337,@user states the media needs to promote the damage of climate change. How bout you #Bolt? #ForeignCorrespondent #SemST,2
338,"If ozone science had been ignored by your dad, @user we would be in dire straits right now. Could you thank him for us? #SemST",2
339,@user @user The human mind is incapable of dealing with that of which it has no experience  #SemST,0
340,Climate change is an emergency. Stop denial and start taking steps. #climatehealth #SemST,2
341,"@user I suspect that @user may well just prefer to stick to his, erm, principles on this one. #SemST",0
342,"@user not to worry, our real enemy is #Obama #SemST",0
343,Enjoying watching Sir David Attenborough and Obama talk about climate change mitigation #LoveNature #SemST,2
344,@user @user @user @user @user #EngineeringInnovation. Future Green Tech to deal with #SemST,2
345,"We cant deny it, its really happening.  #SemST",2
346,"Macro problems face us all, but people focus on micro problems because they are within our immediate power to fix #SemST",2
347,Glad for the millions of lives improved this week. Now let's set our sights on helping millions more. #ImmigrationAction #SemST,0
348,@user Time to change the Government! #fracking #C02 #methane #pollution #cancer #health #earthquake #water #leaks #SemST,2
349,"When the Last Tree Is Cut Down, the Last Fish Eaten & the Last Stream Poisoned, You Will Realize That You Cannot Eat Money #SemST",2
350,#SpaceX is looking like major litterbug! Do they clean up the debris. It's $1500 if I litter hi-way. Space X #SemST,0
351,Building Renovations. Turn $10MM into $1MMM over time. #business #money #wallstreet #enterprise #entrepreneur #engineering #SemST,0
352,"@user I'll bomb anything I can get my hands on, especially if THEY aren't christian. #graham2016 #GOP #SemST",0
353,If it doesn't warm up soon @user I want my money back on the panels for misselling. #45Minutes #dodgydata #Drtker #SemST,0
354,#SavingMyTomorrow @user why are you guys not promoting this like crazy???? #HBO #SemST,0
355,#Mission:#Climate @ home > Simplify (by @user #Tip #DoYourPart #SemST,2
356,"Can @user use $866,615 of jet fuel on His #EarthDay trip to Florida? YES HE CAN!!! -mao @user #FAIL #SemST",0
357,".@whelan60 ""While this debate goes on, yet more time is wasted."" #thedrum #SemST",0
358,Sir David Attenborough and @user  dissgussing the planet future. The room doesn't get any better than this. #SemST,2
359,How did the #GreatBarrierReef look to you compared to when you dived it 60 years ago? @user #Attenborough @user #SemST,2
360,Ocean acidification is the most important scientific crisis that we face today Donna Roberts #CambioClimatico #SemST,2
361,Is the new Pahiatua plant going to be primarily coalfired? Large companies like @user should be taking the lead against #SemST,2
362,if this heat is killing me i don't wanna know what the poor polar bears are going through right now  #SemST,2
363,The #MNTwins game is going really fast tonight. More proof of #SemST,0
364,@user RobertRedford + Pope say time is now. GreenNH3 is ready to roll. We all want machines. What is holdup ? #pollution #SemST,2
365,Dallas still hasn't hit 100 this year. #SemST,0
366,Honestly I don't understand why I like California so much. I'm so bad in the heat. #SemST,0
367,Our amazing #ESS15 panel @user @user @user & @user on how to prepare & protect #BayArea region from #SemST,2
368,Good news #SCOTUS confirmed the #UN has ZERO authority of U.S. property or enforcement. Who cares what the elites say! #COP21 #SemST,0
369,GA: AIW Support Strong Compass. Global Climate Agreement: passed  #uuaga #SemST,2
370,"Climate change financing,cc adaptation, cc and resilience,the green economy.Lots of semantics as communities waitforsolutions #SemST",2
371,I'm burnin up baby where u at? #hangin #hanginpls #SemST,0
372,(2/2) 300 words and be sent to climateconference2015@gmail.com #sustainability #sustainabledevelopment #SemST,2
373,Minister @user about the importance of #INDCs to build momentum to #Paris2015 at press conference at #UN #SemST,0
374,"#SCOTUS,  We need to force #power #plants To cut #emissions of #mercury and other #air pollutants asap! #POTUS #EPA #Justices #SemST",2
375,@user says he wants carbon fund to be spent on public transportation and renewable energy. #ejlive #ableg #SemST,2
376,#Mission:#Climate @ home > Move your thermostat down 2C in winter and up 2C in summer #Tip #DoYourPart #SemST,2
377,Hey @user please reject the Adani Carmichael #coal mine and Abbot Point. Our Reef and climate are at risk!  #GBR #SemST,2
378,When did CO2 become a dangerous pollutant that must be curtailed? What do you exhale again? #Iwantanswers #SemST,1
379,David Attenborough being interviewed by President Obama is brilliant & fascinating viewing #ForeignCorrespondent #ABC #tunein #SemST,0
380,"One day it will be clear that someone has changed their opinion due 2 one or more of my tweets, but I'm not holding my breath #SemST",0
381,#Mission:#Climate @ home > Wash laundry in cold water (by @user #Tip #DoYourPart #SemST,2
382,#Mission:#Climate @ home > Wrap your water heater in an insulation blanket #Tip #ActOnClimate #SemST,2
383,I'm sick of celebrities who think being a well known actor makes them an authority on anything else. #robertredford #UN #SemST,1
384,Can't wait to watch 'When Attenborough Met Obama' Should be fascinating! @user #sirdavidattenborough #lovemydavid #Hero #SemST,0
385,56. Here we see how environmental deterioration and human & ethical degradation are closely linked. #LaudatoSi #environment #SemST,2
386,"Politics, Religion, Race; we are so busy killing & hurting each other, Earth dries up & we will all die anyway. #drought #SemST",2
387,I expected New Zealand's so-called leaders to show leadership. Instead they show weak-minded ignorance. Laggardship. #SemST,0
388,Are these ominous yellow #Vancouver skies making anyone else dread our climate future? #wildfires #SemST,2
389,There are NO two sides to this discussion. --@StopMotionsolo  #SemST,0
390,@user @user @user Denial isn't just a river in Egypt. It's #gop strategy. #racism #SemST,0
391,"For me watching the #ideology of #capitalism at work is like watching a ""train wreck"" in #progress! #Democracy #Goal? #Future #SemST",0
392,@user Good grief! I can feel the desperation seeping off the page.   GOOD. We've got 'em on the ropes.  #SemST,0
393,"UN, decline of 50% in crop yields in developing countries (rice,wheat,corn) over the next 35 years,especially in the tropics #SemST",2
394,There's a great challenge 4 #leadershhip in #globslopportunity 2search synergetic efforts w/ their fellows to get engaged in #SemST,0
395,Closed door session begins. More after they decide on the entities.  #GCF #SemST,0
396,"What is the #energiewende agenda? Why are they not in the ""de-carbonizer"" camp?.  How long will you tolerate the lies?  #SemST",2
397,@user Stocker: Fish catch potential could drop by as much as 50% in some areas due to #oceanacidification. #CFCC15 #SemST,2
398,"...a longer memory, and a sterner sense of justice than we do. -W.Berry #SemST",0
399,"Boni ""Future Sea level rise will not be uniform & different for coasts"" #CCFC15 #Journey2015 #SemST",2
400,"@user Bony: Extreme weather events (heat waves, drought, flooding, windstorms) made more frequent/intense by #CFCC15 #SemST",2
401,Camille Parmesan: 2/3 of species have changed #habitat because of #H12 #CFCC15 #SemST,2
402,"5 meta-analyses show 1/2 of species have changed where they live, 2/3 have changed when they live. Camille Parmesan #CFCC15 #SemST",2
403,It literarly just took me 10 minutes to get in a bus because an old lady just had to go in front of everyone... #SemST,0
404,"Grubb: state of energy: shift US & EU from net-producer to net-importer of emissions"" #CCFC15 #journey2015 #SemST",2
405,Interesting speaker Maarten Van Aalst @user how their humanitarian experience can help Climate scientists #CCFC15 #SemST,2
406,putting my neck out as such when I did not have to be here at all? Regards Dion #peace #GMS #Democracy #Transparency #Future! #SemST,0
407,grow food not lawns  Lawns are Ecocide in your yard. #Patriarchy is Ecocide of your own species #DominoEffect #SemST,2
408,This halcyon summer is over. Climate is on the move. Doug Kelbaugh #CNU23 #declarationsignee #SemST,2
409,@user we Have to talk about new normals #SemST,0
410,Citizens have a right to access information that would protect their lives against #risk #CLIMWARN #CFCC15 #vulnerability #SemST,2
411,That moment when Canadians realised global warming doesn't equal a tropical vacation #BCwildfire #Canadaburns #SemST,2
412,"We NEED alternatives to #fossilfuel, but also need to maintain our #economy! This change will be gradual so lets START NOW! #SemST",2
413,#Defrance: displacements due to natural disasters higher than those caused by conflicts #migration #development #CFCC #S2242 #SemST,2
414,"@user Yes, you shouldn't. But, stop killing animals is not the only reason to become a vegan - #stopfamine #behealthy #SemST",0
415,We don't inherit the earth from our parents we borrow it from our children #Conservation #Perspective #SemST,2
416,.@vj44 @user Yay! We'd love to convert to solar power! PG&E plan to raise our rates again. #ActOnClimate #p2 #SemST,2
417,#rsaeconomy: #tax can surely play a greater role in helping richer countries slow emissions and poor countries transition. #SemST,2
418,It's raining and feels like fall I don't know what kinda summer this is  #isReal #SemST,2
419,We can address both climate change and sustainable development with the same measures @user #SDGs #climateaction #COP21 #SemST,2
420,@user what's the plan for getting job-creating big green energy corps located here in #alberta? #taxbreaks #jobs #SemST,2
421,#Mission:#Climate @ home > Purchase renewable power from your utility (by @user #Tip #ImpactIsReal #SemST,2
422,"There's no more normal rains anymore. Always storms, heavy and flooding. #SemST",2
423,"@user HS2 does too much damage to local communities + to the environment,they use 60% more fuel than regular trains. #SemST",2
424,As Western Canada Burns Harper's got his head so deep in the #tarsands he can see #ChristyClark's ankles #BCwildfire #cdnpoli #SemST,0
425,Also what's up with this ridiculous weather?? It was raining this morning and now it's like super hot! #weatherproblems #lame #SemST,2
426,@user @user @user @user What values is heUsing ref criminal safety checks for weaponsAddressing #SemST,0
427,Eager to learn at the Modern Prosperity event at the @user hosted by  @user #carbonpricing #jobsjusticeclimate #SemST,2
428,The #carbontrading in #Quebec has very ambitious GHG reduction target of 20% #nspoli #SemST,2
429,@user anthropogenicthat which is caused by humans; #SnowballJim #SemST,2
430,I thought Seattle was supposed to have a lot more rain #drought #SemST,2
431,On a scale of 1 to 10 the air quality in Whistler is a 35. #wildfires #BCwildfire #SemST,2
432,"@user yes Catherine, the future of human civilisation depends on this generation & how it acts on #Auspol #SemST",2
433,It's most exciting to witness a major development! @user #SemST,0
434,We are causing the ice masses of Earth to melt at an alarming rate. #SemST,2
435,@user Will @user support Canterbury Rocket + Nuclear Power for NZ? Send our nuclear waste to space @user #SemST,2
436,@user research is irrelevant when biosphere is on the brink of collapse. #deforestation #6thExtinction #war #SemST,2
437,"@user Indigenous ppl will save the country, if it's not too late. #SemST",0
438,Turn the Liverpool Plains into a coal mine...is there any bad idea this government doesn't like? #FoodBowl #Shenhua #auspol #SemST,2
439,@user Seems the marine animals are finally declaring war on man due to man-made environmental destruction. #SemST,2
440,Seems I may yet get my Climate Apocalypse >:) You fucking morons! #Shenhua #LNPFAIL #keepitintheground #SemST,2
441,The Weather app keeps taunting us with rain. #PNW #drought #SemST,0
442,What do you do to help reverse climate change? Tweet your tips to inspire others! #Tip #SavePolarBear #SemST,2
443,"You know things are pretty out of control when you're happy to have ""only"" 30 degrees C indoor and it feels good. #SemST",2
444,Haven't moved an inch since yesterday.  #bcpoli #vancouver #bcwildfire #yvr #realrenewables #SemST,0
445,@user @user @user @user @user NEVER KNEW INCONVENIENT FACTS WARRANTED A SHRINK!!! ROTFLMAO #auspol #SemST,0
446,Will the world place sanctions on #Australia for it's insane pursuit of new massive #coal mines? #UN #auspol #sanctions #SemST,2
447,"Now moving from summer season to........ Life, too moves from...  #climate #weatherchange #rain #forecast #wind #SemST",2
448,Climate change is my issue - make it yours #Zim #SemST,2
449,#Mission:#Climate @ home > Don't let heat escape from your house over a long period #Tip #EarthRightNow #SemST,2
450,Counting down the days until my PhD starts #77 #tephrochronology #southernhemisphere  #chronology #oxford #SemST,0
451,"Today Europe is breaking heat records, while Asia is breaking the lowest temperature records!! Should we not be concerned?!  #SemST",2
452,Paul Leadley Talking about #biodiversity scenarios under #h22 #CFCC15 #SemST,2
453,Our cardboard city with @user from @user in our @user youth club on Monday. #SemST,0
454,Dhakal: There is no silver bullet for solutions - each city has to devise own local/specific responses to #CFCC15 #SemST,2
455,Follow @user for information on #CFCC15 - the climate change conference in Paris. #SemST,2
456,"Am not a Catholic, but the pope is spot on when it comes climate change & protecting the amazon forest. #SemST",2
457,"Food and water security are intertwined: ""Adaptation costs water."" #CFCC15 #journey2015 #L25 #SemST",2
458,"It's July and its 57 degrees, can't imagine what winter is going to feel like this year. #ChicagoWeather #SemST",2
459,Adaptation is something that reduces the negative impact or enhances the positive impact of #CFCC15 #Journey2015 #SemST,2
460,@user tackles difficult challenges of growth needs and unemployment alongside #CFCC15. #SemST,2
461,"Much good to be had in the lead up to #COP21. 2,200 researchers from over 100 countries, uniting to address global #CFCC15 #SemST",2
462,"#Earth is a #finite in #nature #environment, ""no amount of #dividend #value can #buy its #natural #diversity back! #SemST",2
463,"#Obama said ""can't prevent oil exploration completely"" in the Arctic, is ""setting the highest possible standards=BS #shellno #SemST",2
464,@user Tuvalu has been at the forefront of dealing with consequences of climate change. They are realists #auspol #SemST,2
465,A Very Good Discussion:Ruth Valerio @user and Premier Radio's @user on key issues affecting us in #Pope #Encyclical #SemST,0
466,Be kind to the earth beneath your feet.  #environment #SemST,2
467,"Also, it's raining here in the Brazilian central savannas. We were supposed to be in the pinnacle of the dry season. #SemST",2
468,"avg house in US consumes 10,656 kWh per year 2006, Gore devoured nearly 221,000 kWh more than 20 X the nat average. #onpoli #SemST",2
469,Please will someone at @user clarify what Osbourne said about oil and renewables energy?  #budget2015 #futureoftheplanet #SemST,2
470,Participation is essential: bring vulnerable voices to the table at #COP21 says @user #AgCOP21 #CFCC15 @user #SemST,2
471,We blame cities for the majority of CO2 emissions without acknowledging their vulnerability to #CFCC15 #journey2015 #S2228 #SemST,2
472,@user LOL. Too bad all the other scientists agree with him. #ClimateChangeDenier #SemST,2
473,#KCA #VoteJKT48ID ClimateCommRPB: The green diet: how to eat healthy and save the planet #SemST,2
474,@user thank you for the follow Jim!  I'm flattered!  #SemST,0
475,@user @user Need hydro bill fix in ON so ppl won't use dirty alt fuels to heat homes. #foodorheat #onpoli #SemST,2
476,#Asthma is hitting our communities hard in #Chicago says @user Kim Wasserman  #cleanair4kids #Latinos #SemST,2
477,The extreme humidity and heat right now might kill me  and it's only 10a.m. #FloridaProblems #SemST,2
478,@user @user @user @user U love CO2 so I can only understand your point of view.But u n I know the trigger of #SemST,2
479,Haven't seen the mountains in days with all these fires. Can't stand breathing this air quality any longer!!  #SemST,2
480,@user @user @user @user @user Criminal capitalist wrecked economy08Now misleadingInvestors as to Risk of #Ecocide #SemST,2
481,Jared likes child porn now .... Is that what happens if you eat all your meals at Subway? Must be either that or #SemST,0
482,@user @user @user @user #CSOTA #fossilfuels corp misleading investors about liability for #Ecocide #SemST,2
483,"Actually on second thoughts, it's pretty bloody terrifying #climatecrisis #ISS15 #SemST",2
484,Gone are the days where we would get temperatures of Min -2 and Max 5 in Cape Town #SemST,2
485,Zinta Zommers: need for a unified tool to bring all these variabilities together #CFCC15 #climate #SemST,2
486,#Mission:#Climate @ home > Run your dishwasher only if it's full. (by @user #Tip #ActOnClimate #SemST,2
487,The stock market froze  In the summer ?!! #SemST,0
488,"Living an unexamined #life may be easier, but leads to disastrous consequences. #ActonClimate #Action2015 #leadership #SemST",2
489,@user @user @user 2014 was hottest year on record. Looks like 2015 is going to break that record. #SemST,2
490,Climate Change Deniers are Like Pre Historic Cave Dwellers: California Governor Jerry Brown #CSOTA #uspoli #cdnpoli #SemST,2
491,What has happened to sunny Colorado?? #cloudy #denver #nosunshine #SemST,2
492,The biggest terror threat in the World is climate change #drought #floods #SemST,2
493,"What has been will be again, what has been done will be done again; there is nothing new under the sun. Ecclesiastes 1:9 #SemST",0
494,ONE Volcano emits more pollution than man has in our HISTORY! #SemST,1
495,@user Republicans don't care about the environment all together. They deny this fact. #SemST,2
496,@user Reminds me of Nottingham in the early 1960's #ActOnClimate #SemST,2
497,"@user Jason Berry says he discusses that while $$ would buy a big pipe, maybe that won't work w #ResilientChicago #SemST",0
498,#Follow @user US leader in weather #riskmanagement . Helping the world's #economy adapt to climate change. #SemST,2
499,"#CSOTA is trending at #3 in Canada on Twitter Now w/ 3,800 Tweets from the #Climate Summit of the Americas! #sm #socialmedia #SemST",2
500,Why is Stephen Harper or representative not at #costa   Does he not care about the environment?  #cdnpoli #environment #SemST,2
501,RT @user Thanks to everyone in Maine who contacted their legislators in support of #energyefficiency funding! #MEpoli #SemST,2
502,We're Committed to Green in Our Dreams: @user What'll Drive Change is Power of Parents & Grandparents #CSOTA #SemST,2
503,"@user @user @user @user @user ""We are the last generation who can address this climate change #SemST",2
504,@user ice cracking in the summer?? SO ALARMING. #climatechangehoax #SemST,1
505,Its July 8th.. I have clean clothes... I just put jeans on though. #SemST,0
506,"the water hole time to drink! RT""@vicenews #SemST",0
507,"I understand the rain, but it is only about 60 degrees right now..... It is never 60 degrees in July....  #SemST",2
508,.@McKenzieAmanda's presentation on shifting the public narrative in a hostile environment should be good #anzca2015 #SemST,0
509,67 degrees Fahrenheit on July 8th. I love this weather! #PureMichigan #SemST,0
510,#coalmining & destruction of our ability to live on earth is so stupid. Don't kill our species habitat #duh #Shenhua  #SemST,2
511,@user @user  how about you give me TWO SENTENCES about climate instead of ending with a bs whale story. #SemST,2
512,Someone send some chicken soup or some '80s Conan comics to @user he's under the weather & noone wants to be there #SemST,0
513,@user @user Right out of the Big Tobacco playbook! Why is this disgusting strategy so bulletproof? #SemST,0
514,@user @user Nobody denies the climate changes. #SemST,2
515,"#ClimateChangeDefinitions ""settled science"" = flawed computer models with jiggered data to force a predefined conclusion. #SemST",1
516,People need to wake up & realize what's happening to our earth  #hello #SemST,2
517,#Questiontime Who is more likely to solve problems related to #poverty #sustainability & #government? #religion? #business? #SemST,0
518,The countries most likely to survive climate change in one infographic #Survive #Infographic #SemST,2
519,Terraform Earth so we can recolonize our own homes. #SemST,2
520,What's next after 2 years? :) #thinkbig #world #solution #water #SemST,2
521,Climate change has already cut into the global food supply and is fuelling wars &natural disasters #FoodFactsWithHeroRadio #SemST,2
522,@user Still a larval theory. Still poorly modelled. Still unquantified. Still multi-factor. Still flummoxed by albedo. #SemST,1
523,Whole species #Boomers #GenerationX GenerationY #GenZ Needs a vacation. 25 years on a Greek Island anyone? #HumanExtinction #SemST,2
524,#Mission:#Climate on the road > Fly less #Tip #EarthRightNow #SemST,2
525,Edenhofer: Carbon pricing is needed but not sufficient. we need complementary policies to counter #coal renaissance & #CFCC15 #SemST,2
526,"Humanity is making #mother earth angry, that angriness is the reason for #SemST",2
527,@user Jonathan Tillson from @user highlights how economic stability will be undermined by #SemST,0
528,UK homes & buildings need to be adapted to higher temperatures Daniel Johns @user #weetfEvents #adaptation #SemST,2
529,Plants and trees make oxygen which we breathe and killing the rainforest will make the earths oxygen supply weak. #earth #SemST,2
530,"$500,000 on flags in 12 months  vs  An Inter-Generational Rot that addresses   #ThingsToSpendMyTaxesOnOtherThanFlags #SemST",0
531,Climate deniers is a term used to silence those pointing out the hypocrisy in the fanatical zeal on  #climatetruth #SemST,1
532,"#Mission:#Climate on the road > Purchase a fuel-efficient, low-greenhouse gas vehicle (by @user #Tip #MissionAccept #SemST",2
533,@user Will we change? That's the reason we are here. Be of good cheer. We're going to win this #CSOTA #SemST,2
534,Incredibly moving as a scientist weeps on @user for the #ocean & for our grandchildren's future ttp://bbc.in/1G9uil5 #SemST,2
535,Following the invitation only Climate Summit of the Americas online via twitter #CSOTA #Toronto #environment #COP21 #climate #SemST,2
536,Are the voices of younger generations represented at #CSOTA? We have a say in our collective future. #environment #COP21 #SemST,2
537,@user We're proud to sign #ORbizclimatedeclaration because we are committed to fighting climate change #SemST,2
538,"I remember a time when summer was actually summer, you know when it was sunny and 90 degrees everyday #whatshappening #SemST",2
539,@user Rettet die Erde! Save the Earth!  #SemST,2
540,"@user yes ironic that the alarmists are the actual ""deniers #SemST",1
541,@user Hey Justin I will give you 50 cents if you stop talking about climate 'Change' #Ottawa #davidsuzuki #cbc #SemST,1
542,If @user & @user don't have to follow SCOTUS why should anyone else have to #ClimateFraud #SpecialReport #WakeUpAmerica #SemST,1
543,"If we want a future for our/Canadian kids we all need to seriously wake the fuck up,No more talk only action #Harper  #SemST",2
544,"Govt announcement on zero carbon homes ""short-sighted, unnecessary, retrograde and damaging"" says @user #energyefficiency #SemST",1
545,"@user Good to see more global awareness, thanks. #SemST",2
546,"We are not ""killing the Earth"". The Earth has been through worse and will be fine after all humans suffocate, drown or starve #SemST",1
547,Sea Level Rise above 6 meters - what does that mean? It means 20 ft above current heights. #SemST,2
548,@user This is not a fantasy this is negligence collusion with criminal corporations acting with negligence to #Ecocide #SemST,2
549,We need governments and corporations to respond AND ordinary people to change our daily habits to consume less. #SemST,2
550,If you dont have the capacity to take it in and act-what can you do to increase your capacity for connection and compassion? #SemST,0
551,#Mission:#Climate @ home > Take a shower instead of a bath #Tip #LoveOurPlanet #SemST,2
552,"The only thing ""man made"" about global warming is the false narrative. #WakeUpAmerica #boycottSanFrancisco #Election2016 #SemST",1
553,"Growing concern of Pacific Islanders to adapt to sea level rise, increasing storminess; want to avoid becoming CC refugees #SemST",2
554,@user  Everyone should learn this recipe - given summers are going to get warmer every year! #SemST,2
555,Rec high temp for this date in Charlotte is 101*. That was set in 1926. T-models were the worst for dangerous emissions. #SemST,2
556,"Lot's of time, class over! @user #SemST",0
557,@user Oh for the love of Pete! I thought we were going to be incinerated by then! #SemST,0
558,If complaining about irrelevant problems were illegal maybe we could solve some of the important issues #itsjustaflag #SemST,0
559,"@user - ""All"" you folks #owe me an #official #apology at this point ""absolute"" ([minimum]), re's D #peace #Transparency #SemST",0
560,"Maybe we should start ""labelling every #product"" made with its ""#Environmental #footprint""? Sooner or later we must act! #SemST",2
561,If we touch #Antarctica for one more #reason other than to #research the #impact of us we would be #insane! #Democracy #Goal? #SemST,2
562,Wind power helped stabilize Texas' power grid during a 2014 cold snap that suddenly increased demand. #ClimateHope #Climate #SemST,2
563,"It's so cold and windy here in Sydney, I just saw a climate scientist fly past my window #auspol #ClimateChangeIsReal #SemST",2
